{"cameraMode":{"drawMode":0,"name":"Shaded","section":"Shading Mode"},"sceneLighting":true,"audioPlay":false,"sceneViewState":{"m_AlwaysRefresh":false,"showFog":true,"showSkybox":true,"showFlares":true,"showImageEffects":true,"showParticleSystems":true,"showVisualEffectGraphs":true,"m_FxEnabled":true},"in2DMode":false,"pivot":{"x":213.95144653320313,"y":82.5595474243164,"z":661.3526000976563},"rotation":{"x":0.14713968336582185,"y":0.05335705727338791,"z":-0.00797523744404316,"w":0.9877085089683533},"size":153.38546752929688,"orthographic":false}