{"cameraMode":{"drawMode":0,"name":"Shaded","section":"Shading Mode"},"sceneLighting":true,"audioPlay":false,"sceneViewState":{"m_AlwaysRefresh":false,"showFog":true,"showSkybox":true,"showFlares":true,"showImageEffects":true,"showParticleSystems":true,"showVisualEffectGraphs":true,"m_FxEnabled":true},"in2DMode":false,"pivot":{"x":166.5702362060547,"y":218.27932739257813,"z":789.4935913085938},"rotation":{"x":0.05033646896481514,"y":-0.9496510624885559,"z":0.22125612199306489,"w":0.21615642309188844},"size":17.045820236206056,"orthographic":false}