{"cameraMode":{"drawMode":0,"name":"Shaded","section":"Shading Mode"},"sceneLighting":true,"audioPlay":false,"sceneViewState":{"m_AlwaysRefresh":false,"showFog":true,"showSkybox":true,"showFlares":true,"showImageEffects":true,"showParticleSystems":true,"showVisualEffectGraphs":true,"m_FxEnabled":true},"in2DMode":false,"pivot":{"x":0.8932814598083496,"y":3.029653549194336,"z":-12.629642486572266},"rotation":{"x":0.10060261934995651,"y":-0.8301917314529419,"z":0.15903669595718385,"w":0.5248114466667175},"size":8.649677276611329,"orthographic":false}